Top pages,Clicks,Impressions,CTR,Position
https://applyvipconseil.com/fa/cities/lyon,10,587,1.7%,9.91
https://applyvipconseil.com/fa/universities/paris-cite,4,296,1.35%,7.18
https://applyvipconseil.com/fa/blog/france-student-visa-financial-proof-2026,4,100,4%,7.96
https://applyvipconseil.com/cities/toulouse,3,214,1.4%,8.54
https://applyvipconseil.com/fa/universities/toulouse,3,78,3.85%,7.49
https://applyvipconseil.com/fa/universities/paris-saclay-university,3,20,15%,8.7
https://applyvipconseil.com/fa/cities/strasbourg,2,126,1.59%,16.9
https://applyvipconseil.com/fa/universities/lyon-2,1,394,0.25%,7.3
https://applyvipconseil.com/fa/consult,1,226,0.44%,13.98
https://applyvipconseil.com/fa/universities/universite-grenoble-alpes,1,175,0.57%,12.27
https://applyvipconseil.com/fa/universities/strasbourg,1,127,0.79%,55.63
https://applyvipconseil.com/fa/cities/nice,1,45,2.22%,8.44
https://applyvipconseil.com/fa/cities/montpellier,1,18,5.56%,8.83
https://applyvipconseil.com/fa/cities,0,433,0%,15.43
https://applyvipconseil.com/fa,0,273,0%,28.62
https://applyvipconseil.com/fa/services/investment-visa,0,248,0%,54.38
https://applyvipconseil.com/fa/universities/paris-4-sorbonne,0,140,0%,22.06
https://applyvipconseil.com/fa/universities,0,135,0%,40.96
https://applyvipconseil.com/fa/blog/خرید-ملک-در-فرانسه-اتباع-ایرانی-۲۰۲۶,0,114,0%,57.18
https://applyvipconseil.com/fa/universities/pantheon-sorbonne,0,96,0%,49.66
https://applyvipconseil.com/fa/universities/lyon-3,0,82,0%,28.99
https://applyvipconseil.com/fa/cities/grenoble,0,79,0%,54.37
https://applyvipconseil.com/fa/universities/lyon-1,0,68,0%,29.38
https://applyvipconseil.com/fa/universities/sorbonne-paris-nord,0,68,0%,50.91
https://applyvipconseil.com/fa/universities/universite-de-lille,0,40,0%,8.35
https://applyvipconseil.com/fa/cities/lyon#ayranyan-dr-lyon-fransh-tgrbh-oakaay,0,39,0%,4.74
https://applyvipconseil.com/fa/cities/lyon#gshodn-rmz-o-razhay-shhr-pnhan,0,39,0%,4.74
https://applyvipconseil.com/fa/cities/lyon#fsl-lyony-shma-az-hmyn-hala-shroaa-myshod,0,38,0%,4.61
https://applyvipconseil.com/fa/cities/lyon#motor-aktsady-bray-ayndh,0,38,0%,4.61
https://applyvipconseil.com/fa/cities/lyon#atlaaaat-klydy-lyon-dr-yk-ngah,0,36,0%,4.64
https://applyvipconseil.com/fa/cities/lyon#rshd-shghly-o-frstha,0,36,0%,4.64
https://applyvipconseil.com/fa/universities/aix-marseille-university,0,36,0%,8.47
https://applyvipconseil.com/fa/universities/cote-d-azure,0,35,0%,6.89
https://applyvipconseil.com/fa/universities/universite-de-montpellier,0,34,0%,6.47
https://applyvipconseil.com/fa/universities/paris-cite#ayndhy-shma-dr-klb-parys,0,31,0%,3.71
https://applyvipconseil.com/fa/universities/paris-cite#ktb-drkhshan-dansh-dr-klb-parys,0,31,0%,3.71
https://applyvipconseil.com/fa/universities/paris-cite#aaatbary-ghany-bray-ayndh-shma,0,27,0%,3.78
https://applyvipconseil.com/fa/universities/paris-cite#bysh-az-yk-mhyt-thsyly-sadh,0,27,0%,3.78
https://applyvipconseil.com/fa/universities/paris-cite#hmrah-shma-dr-msyr-mhagrt-thsyly,0,27,0%,3.78
https://applyvipconseil.com/fa/universities/universite-de-bordeaux,0,22,0%,8.91
https://applyvipconseil.com/fa/cities/lyon#zndgy-o-thsyl-dr-lyon-kyfyt-balay-zndgy-dr-paytkht-dansh-o-noaory,0,20,0%,5.05
https://applyvipconseil.com/fa/cities/lyon#khanhay-grm-bray-khanoadh-shma,0,18,0%,4.11
https://applyvipconseil.com/en/services/housing-assistance,0,11,0%,17.91
https://applyvipconseil.com/fa/universities/lyon-2#ayndh-shma-roshn-ast,0,8,0%,6.38
https://applyvipconseil.com/fa/universities/lyon-2#lomyr-lyon-ktb-khlakyt-o-noaoryhay-agtmaaay,0,8,0%,6.38
https://applyvipconseil.com/fa/universities/lyon-2#pyshro-dr-msyr-aalom-agtmaaay,0,8,0%,6.38
https://applyvipconseil.com/fa/universities/toulouse#danshgah-toloz-paytkht-hoanordy-o-aalom-fdayy-aropa,0,8,0%,8
https://applyvipconseil.com/fa/universities/toulouse#dr-toloz-bh-proaz-drayyd,0,8,0%,8
https://applyvipconseil.com/cities/strasbourg,0,8,0%,10.12
https://applyvipconseil.com/fa/universities/paris-3,0,6,0%,7.5
https://applyvipconseil.com/fa/universities/cote-d-azure#ayndh-khod-ra-dr-kot-dazor-shtab-dhyd,0,5,0%,8
https://applyvipconseil.com/fa/universities/cote-d-azure#danshgah-kot-dazor-noaory-o-taaaly-dr-klb-mdytranh,0,5,0%,8
https://applyvipconseil.com/fa/universities/cote-d-azure#gayy-kh-aalm-o-sbk-zndgy-bh-hm-myrsnd,0,5,0%,8
https://applyvipconseil.com/fa/universities/cote-d-azure#kaosh-dr-prdyshay-mtnoaa-o-gthab,0,5,0%,8
https://applyvipconseil.com/fa/universities/toulouse#brnamhhay-amozshy-pyshro-bray-dnyay-frda,0,5,0%,8.6
https://applyvipconseil.com/fa/universities/toulouse#gayy-kh-tarykh-ba-ayndh-proaz-pyond-mykhord,0,5,0%,8.6
https://applyvipconseil.com/fa/universities/toulouse#kaosh-dr-shbkh-prdyshay-toloz,0,5,0%,8.6
https://applyvipconseil.com/fa/universities/ip-paris,0,4,0%,8
https://applyvipconseil.com/fa/services/residence-permit,0,4,0%,59.25
https://applyvipconseil.com/cities/toulouse#atlaaaat-klydy-toloz-dr-yk-ngah,0,3,0%,4.33
https://applyvipconseil.com/cities/toulouse#ayndh-khod-ra-dr-shhr-sorty-aghaz-knyd,0,3,0%,4.33
https://applyvipconseil.com/cities/toulouse#frsthay-shghly-o-agazh-kar-kanony,0,3,0%,4.33
https://applyvipconseil.com/cities/toulouse#hnr-zndgy-bh-sbk-gnob,0,3,0%,4.33
https://applyvipconseil.com/cities/toulouse#ktby-bray-thhn-khlak,0,3,0%,4.33
https://applyvipconseil.com/cities/toulouse#kyfyt-bala-hzynh-mnasb-brnamhryzy-maly-agarh-mskn-o-tmkn-maly,0,3,0%,4.33
https://applyvipconseil.com/cities/toulouse#toloz-proaz-bh-soy-ayndh-dr-goantryn-o-poyatryn-shhr-mhndsy-fransh,0,3,0%,4.33
https://applyvipconseil.com/fa/blog/1,0,3,0%,7
https://applyvipconseil.com/fa/universities/universite-psl,0,3,0%,9.33
https://applyvipconseil.com/fa/blog,0,3,0%,20.33
https://applyvipconseil.com/fa/cities/lyon#artbat-danshgoyy-dr-traz-ghany,0,2,0%,4
https://applyvipconseil.com/fa/cities/lyon#bh-dastan-lyony-khod-khosh-amdyd,0,2,0%,4
https://applyvipconseil.com/fa/universities/universite-grenoble-alpes?view=university.universite-grenoble-alpes&status=200,0,2,0%,74.5
https://applyvipconseil.com/fa/cities/paris,0,2,0%,87
https://applyvipconseil.com/fa/services/university-application,0,1,0%,9
https://applyvipconseil.com/fa/services/housing-assistance,0,1,0%,10
https://applyvipconseil.com/en/universities/universite-grenoble-alpes?view=university.universite-grenoble-alpes&status=200,0,1,0%,80