Top queries,Clicks,Impressions,CTR,Position
شهر لیون فرانسه مهاجرت,7,109,6.42%,4.65
دانشگاه پاریس سیته,4,106,3.77%,4.04
تمکن مالی فرانسه ۲۰۲۶,4,75,5.33%,5.89
دانشگاه پاریس ساکلی,3,12,25%,8
ایرانیان شهر لیون فرانسه,2,180,1.11%,7.51
شهر تولوز فرانسه,2,88,2.27%,10.31
دانشگاه تولوز فرانسه,2,54,3.7%,8.02
دانشگاه لیون فرانسه,1,393,0.25%,17.85
شهر لیون فرانسه,1,94,1.06%,7.4
دانشگاه مونپلیه,1,49,2.04%,7.16
زندگی در شهر نیس فرانسه,1,40,2.5%,8.53
هزینه زندگی در تولوز فرانسه,1,39,2.56%,5.62
دانشگاه تولوز,1,38,2.63%,7.26
وکیل مهاجرت به فرانسه,1,38,2.63%,11.89
زندگی در استراسبورگ فرانسه,1,37,2.7%,7.76
دانشگاه گرونوبل,1,12,8.33%,11.08
دانشگاه استراسبورگ,1,5,20%,10.6
شهر استراسبورگ فرانسه,1,1,100%,7
دانشگاه پاریس,0,268,0%,6.26
دانشگاه گرونوبل آلپ فرانسه,0,245,0%,42.91
لیون فرانسه,0,163,0%,11.17
موسسه مهاجرتی فرانسه,0,162,0%,14.92
دانشگاه سوربن فرانسه,0,143,0%,71.01
مشاوره تحصیل در فرانسه,0,133,0%,13.99
دانشگاه استراسبورگ فرانسه,0,111,0%,37.81
دانشگاه لیون,0,97,0%,6.7
دوره زبان استراسبورگ فرانسه,0,97,0%,47.75
شهرهای فرانسه,0,93,0%,8.67
تولوز فرانسه,0,73,0%,7.9
بهترین شهرهای فرانسه برای زندگی,0,72,0%,26.18
بهترین شهرهای فرانسه برای تحصیل,0,71,0%,19.03
ویزای تحصیلی فرانسه,0,66,0%,48.7
بهترین شهرهای فرانسه,0,63,0%,23.84
اداره مهاجرت فرانسه,0,60,0%,36.07
شهری در فرانسه,0,46,0%,8.39
اقامت سرمایه گذاری فرانسه,0,45,0%,50.53
ویزای سرمایه گذاری فرانسه,0,44,0%,43.41
ویزای خود حمایتی فرانسه,0,40,0%,56.15
ویزای خودحمایتی فرانسه,0,40,0%,57.23
شهر های فرانسه,0,38,0%,7.92
اقامت فرانسه از طریق سرمایه گذاری,0,38,0%,58.26
مهاجرت به فرانسه با خرید ملک,0,36,0%,52.25
دانشگاه نیس فرانسه,0,35,0%,6.89
دانشگاه گرونوبل آلپ,0,34,0%,7.62
مهاجرت به فرانسه از طریق خرید ملک,0,34,0%,54.24
اقامت فرانسه با خرید ملک,0,33,0%,60.67
لیست دانشگاه های فرانسه,0,28,0%,5.93
اقامت خود حمایتی فرانسه,0,28,0%,62.57
بهترین شهر های فرانسه برای زندگی,0,26,0%,7.96
دانشگاه اکس مارسی,0,26,0%,8.46
دانشگاه لیون ۱ کلود برنارد,0,24,0%,4.58
دانشگاه لیل فرانسه,0,22,0%,9.68
دانشگاه پانتئون سوربن,0,21,0%,8.57
دانشگاه سوربن,0,21,0%,11.29
وکیل مهاجرتی فرانسه,0,20,0%,9.5
دانشگاه بوردو,0,19,0%,8.37
دانشگاه لیل,0,18,0%,6.72
تمکن مالی ویزای تحصیلی فرانسه,0,15,0%,9.6
رشته های دانشگاه لیون فرانسه,0,13,0%,8
دانشگاه پانتئون-سوربن,0,11,0%,9.91
دانشگاه لیون ۲,0,10,0%,5.7
دانشگاه مارسی,0,10,0%,8.5
دانشگاه معروف فرانسه,0,9,0%,7.33
استراسبورگ فرانسه,0,9,0%,8.89
شهر گرونوبل فرانسه,0,9,0%,11.44
دانشگاه های پاریس,0,8,0%,7.12
خرید ملک فرانسه,0,8,0%,64.75
بهترین دانشگاه پاریس,0,7,0%,4.57
دانشگاه گرونوبل فرانسه,0,7,0%,10
جمعیت فرانسه ۲۰۲۶,0,7,0%,10.14
بهترین دانشگاه های فرانسه,0,7,0%,19.14
وکیل ویزای تحصیلی,0,7,0%,34.29
دانشگاه پزشکی پاریس,0,6,0%,9.5
تمکن مالی تحصیلی فرانسه,0,6,0%,10.17
مهاجرت سرمایه گذاری به فرانسه,0,6,0%,63.33
شهری درفرانسه,0,5,0%,7.6
تمکن مالی فرانسه,0,5,0%,31.2
هزینه زندگی در فرانسه,0,5,0%,37.6
سرمایه گذاری در فرانسه,0,5,0%,61.4
فرانسه لیون,0,4,0%,5.25
فرانسه شهر ها,0,4,0%,6.5
دانشگاههای فرانسه,0,4,0%,7.25
شهرای فرانسه,0,4,0%,7.25
دانشگاه پلی تکنیک پاریس,0,4,0%,8
دانشگاه سوربن پاریس,0,4,0%,9.25
رشته حقوق دانشگاه سوربن فرانسه,0,4,0%,9.25
مهاجرت تحصیلی به فرانسه,0,4,0%,55.5
هزینه اجاره خانه در فرانسه,0,3,0%,6
شهر فرانسه,0,3,0%,6.67
از شهرهای فرانسه,0,3,0%,9
دانشگاه psl,0,3,0%,9.33
شهر نیس فرانسه,0,3,0%,9.67
دانشگاه بوردو فرانسه,0,3,0%,12.33
مهاجرت به فرانسه,0,3,0%,48.67
مالیات در فرانسه,0,3,0%,91.33
داخل دانشگاه سوربن فرانسه,0,2,0%,2
دانشگاه پاریس فرانسه,0,2,0%,5
سامانه کمپوس,0,2,0%,6
دانشگاه مونپلیه فرانسه,0,2,0%,8
"لیون arrondissement of lyon, فرانسه",0,2,0%,8
اعزام دانشجو به فرانسه,0,2,0%,9
کمپوس,0,2,0%,9
caf housing aid france,0,2,0%,11
caf housing assistance,0,2,0%,15
caf housing subsidy,0,2,0%,21.5
پاسپورت تلنت فرانسه,0,2,0%,63.5
دانشگاه های فرانسه,0,2,0%,70.5
سوربن دانشگاه,0,1,0%,1
دریای فرانسه,0,1,0%,2
زندگی در فرانسه برای ایرانیان,0,1,0%,7
نقشه شهرهای فرانسه,0,1,0%,7
caf housing assistance france,0,1,0%,8
شهر های کشور فرانسه,0,1,0%,8
نیس فرانسه,0,1,0%,8
شهری در فرانسه در جدول با ب,0,1,0%,9
caf housing,0,1,0%,10
caf چیست,0,1,0%,10
تجربه زندگی در فرانسه,0,1,0%,10
تمکن مالی فرانسه تحصیلی,0,1,0%,10
گرنوبل فرانسه,0,1,0%,10
شهری آلمانی نزدیک مرز فرانسه,0,1,0%,20
caf housing benefits,0,1,0%,23
caf french housing benefit,0,1,0%,29
شهرهای فرانسه در جدول,0,1,0%,31
caf student housing aid,0,1,0%,32
تمدید ویزای فرانسه,0,1,0%,34
مشاوره رایگان مهاجرت تحصیلی,0,1,0%,36
شهر های فرانسه به ترتیب جمعیت,0,1,0%,50
ویزای تمکن مالی فرانسه,0,1,0%,56
اقامت تمکن مالی فرانسه,0,1,0%,58
ویزای تلنت فرانسه,0,1,0%,76