URL,Last crawled
https://applyvipconseil.com/fa/universities/universite-de-montpellier?view=university.universite-de-montpellier&status=200,2026-07-25
https://applyvipconseil.com/en/universities/strasbourg?view=university.strasbourg&status=200,2026-07-25
https://applyvipconseil.com/fa/cities/strasbourg?view=city.strasbourg&status=200,2026-07-25
https://applyvipconseil.com/en/cities/grenoble?view=city.grenoble&status=200,2026-07-25
https://applyvipconseil.com/fr/cities/grenoble?view=city.grenoble&status=200,2026-07-25
https://applyvipconseil.com/fa/universities/cote-d-azure?view=university.cote-d-azure&status=200,2026-07-25
https://applyvipconseil.com/en/universities?view=pages.universities.index&status=200,2026-07-25
https://applyvipconseil.com/fa/universities?view=pages.universities.index&status=200,2026-07-25
https://applyvipconseil.com/fr/universities?view=pages.universities.index&status=200,2026-07-25
https://applyvipconseil.com/fr/universities/aix-marseille-university?view=university.aix-marseille-university&status=200,2026-07-25
https://applyvipconseil.com/en/universities/universite-psl?view=university.universite-psl&status=200,2026-07-24
https://applyvipconseil.com/fr/universities/ip-paris?view=university.ip-paris&status=200,2026-07-24
https://applyvipconseil.com/fr/universities/toulouse?view=university.toulouse&status=200,2026-07-24
https://applyvipconseil.com/en/universities/cote-d-azure?view=university.cote-d-azure&status=200,2026-07-24
https://applyvipconseil.com/fr/universities/universite-psl?view=university.universite-psl&status=200,2026-07-24
https://applyvipconseil.com/en/universities/toulouse?view=university.toulouse&status=200,2026-07-24
https://applyvipconseil.com/fa/cities/grenoble?view=city.grenoble&status=200,2026-07-24
https://applyvipconseil.com/en/cities/strasbourg?view=city.strasbourg&status=200,2026-07-24
https://applyvipconseil.com/fa/cities/marseille?view=city.marseille&status=200,2026-07-24
https://applyvipconseil.com/en/cities/marseille?view=city.marseille&status=200,2026-07-24
https://applyvipconseil.com/fr/cities/marseille?view=city.marseille&status=200,2026-07-24
https://applyvipconseil.com/fa/universities/ip-paris?view=university.ip-paris&status=200,2026-07-24
https://applyvipconseil.com/en/universities/ip-paris?view=university.ip-paris&status=200,2026-07-24
https://applyvipconseil.com/fr/universities/universite-de-montpellier?view=university.universite-de-montpellier&status=200,2026-07-24
https://applyvipconseil.com/fr/universities/universite-grenoble-alpes?view=university.universite-grenoble-alpes&status=200,2026-07-24
https://applyvipconseil.com/fa/universities/paris-3?view=university.paris-3&status=200,2026-07-24
https://applyvipconseil.com/fr/universities/paris-3?view=university.paris-3&status=200,2026-07-24
https://applyvipconseil.com/fr/universities/paris-cite?view=university.paris-cite&status=200,2026-07-24
https://applyvipconseil.com/en/universities/lyon-1?view=university.lyon-1&status=200,2026-07-23
https://applyvipconseil.com/fr/cities/toulouse?view=city.toulouse&status=200,2026-07-23
https://applyvipconseil.com/fr/contactUs?view=pages.contact&status=200,2026-07-23
https://applyvipconseil.com/fa/universities/paris-cite?view=university.paris-cite&status=200,2026-07-23
https://applyvipconseil.com/fr/universities/lyon-2?view=university.lyon-2&status=200,2026-07-23
https://applyvipconseil.com/fa/universities/toulouse?view=university.toulouse&status=200,2026-07-23
https://applyvipconseil.com/fr/cities/strasbourg?view=city.strasbourg&status=200,2026-07-23
https://applyvipconseil.com/fa/universities/lyon-2?view=university.lyon-2&status=200,2026-07-23
https://applyvipconseil.com/en/universities/lyon-2?view=university.lyon-2&status=200,2026-07-23
https://applyvipconseil.com/fa/universities/strasbourg?view=university.strasbourg&status=200,2026-07-23
https://applyvipconseil.com/fr/universities/cote-d-azure?view=university.cote-d-azure&status=200,2026-07-23
https://applyvipconseil.com/fr/legal?view=pages.legal&status=200,2026-07-23
https://applyvipconseil.com/en/cities/toulouse?view=city.toulouse&status=200,2026-07-23
https://applyvipconseil.com/en/universities/paris-3?view=university.paris-3&status=200,2026-07-23
https://applyvipconseil.com/fr/universities/strasbourg?view=university.strasbourg&status=200,2026-07-23
https://applyvipconseil.com/en/universities/paris-cite?view=university.paris-cite&status=200,2026-07-23
https://applyvipconseil.com/fa/universities/sorbonne-paris-nord?view=university.sorbonne-paris-nord&status=200,2026-07-23
https://applyvipconseil.com/fa/universities/lyon-3?view=university.lyon-3&status=200,2026-07-23
https://applyvipconseil.com/en/cities?view=pages.cities.index&status=200,2026-07-23
https://applyvipconseil.com/fa/universities/paris-2?view=university.paris-2&status=200,2026-07-23
https://applyvipconseil.com/en/contactUs?view=pages.contact&status=200,2026-07-23
https://applyvipconseil.com/en/universities/paris-2?view=university.paris-2&status=200,2026-07-23
https://applyvipconseil.com/en/universities/paris-saclay-university?view=university.paris-saclay-university&status=200,2026-07-23
https://applyvipconseil.com/fr/cities/nice?view=city.nice&status=200,2026-07-23
https://applyvipconseil.com/fa/universities/lyon-1?view=university.lyon-1&status=200,2026-07-23
https://applyvipconseil.com/fr/universities/sorbonne-paris-nord?view=university.sorbonne-paris-nord&status=200,2026-07-23
https://applyvipconseil.com/fr/cities?view=pages.cities.index&status=200,2026-07-23
https://applyvipconseil.com/fa/cities?view=pages.cities.index&status=200,2026-07-23
https://applyvipconseil.com/fr/universities/lyon-1?view=university.lyon-1&status=200,2026-07-23
https://applyvipconseil.com/fa/universities/paris-saclay-university?view=university.paris-saclay-university&status=200,2026-07-23
https://applyvipconseil.com/en/cities/nice?view=city.nice&status=200,2026-07-23
https://applyvipconseil.com/fr/universities/lyon-3?view=university.lyon-3&status=200,2026-07-23
https://applyvipconseil.com/fa/cities/nice?view=city.nice&status=200,2026-07-23
https://applyvipconseil.com/en/universities/sorbonne-paris-nord?view=university.sorbonne-paris-nord&status=200,2026-07-23
https://applyvipconseil.com/fa/cities/lyon?view=city.lyon&status=200,2026-07-23
https://applyvipconseil.com/fr/cities/lyon?view=city.lyon&status=200,2026-07-23
https://applyvipconseil.com/en/cities/lyon?view=city.lyon&status=200,2026-07-22
https://applyvipconseil.com/fr/universities/universite-de-bordeaux?view=university.universite-de-bordeaux&status=200,2026-07-22
https://applyvipconseil.com/fr/universities/paris-4-sorbonne?view=university.paris-4-sorbonne&status=200,2026-07-22
https://applyvipconseil.com/fa/cities/toulouse?view=city.toulouse&status=200,2026-07-22
https://applyvipconseil.com/fr/universities/paris-2?view=university.paris-2&status=200,2026-07-22
https://applyvipconseil.com/fa/contactUs?view=pages.contact&status=200,2026-07-22
https://applyvipconseil.com/fr/consult?view=pages.consult&status=200,2026-07-22
https://applyvipconseil.com/fa/universities/pantheon-sorbonne?view=university.pantheon-sorbonne&status=200,2026-07-22
https://applyvipconseil.com/en/universities/pantheon-sorbonne?view=university.pantheon-sorbonne&status=200,2026-07-22
https://applyvipconseil.com/fr/universities/pantheon-sorbonne?view=university.pantheon-sorbonne&status=200,2026-07-22
https://applyvipconseil.com/fa/universities/paris-4-sorbonne?view=university.paris-4-sorbonne&status=200,2026-07-22
https://applyvipconseil.com/fr/universities/paris-saclay-university?view=university.paris-saclay-university&status=200,2026-07-22
https://applyvipconseil.com/en/universities/paris-4-sorbonne?view=university.paris-4-sorbonne&status=200,2026-07-22
https://applyvipconseil.com/en/consult?view=pages.consult&status=200,2026-07-22
https://applyvipconseil.com/fa/consult?view=pages.consult&status=200,2026-07-22
https://applyvipconseil.com/fa/universities/sciences-po?view=university.sciences-po&status=200,2026-07-21
https://applyvipconseil.com/en/universities/sciences-po?view=university.sciences-po&status=200,2026-07-20
https://applyvipconseil.com/fr/universities/sciences-po?view=university.sciences-po&status=200,2026-07-20
https://applyvipconseil.com/fr/universities/universite-de-lille?view=university.universite-de-lille&status=200,2026-07-20
https://applyvipconseil.com/en/cities/paris?view=city.paris&status=200,2026-07-19
https://applyvipconseil.com/fr/cities/paris?view=city.paris&status=200,2026-07-19
https://applyvipconseil.com/fa/cities/paris?view=city.paris&status=200,2026-07-19
https://applyvipconseil.com/en/legal?view=pages.legal&status=200,2026-07-17
https://applyvipconseil.com/fa/legal?view=pages.legal&status=200,2026-07-17
https://applyvipconseil.com/en/universities/aix-marseille-university?view=university.aix-marseille-university&status=200,2026-07-12
https://applyvipconseil.com/fa/cities/bordeaux?view=city.bordeaux&status=200,2026-07-09
https://applyvipconseil.com/en/cities/bordeaux?view=city.bordeaux&status=200,2026-07-09
https://applyvipconseil.com/fr/cities/bordeaux?view=city.bordeaux&status=200,2026-07-08
https://www.en.applyvipconseil.com/fa/cities?view=pages.cities.index&status=200,2026-04-16
https://www.en.applyvipconseil.com/fr/cities?view=pages.cities.index&status=200,2026-04-16
https://www.fr.applyvipconseil.com/en/universities/paris-4-sorbonne?view=university.paris-4-sorbonne&status=200,2026-04-07
https://www.fr.applyvipconseil.com/fa/universities/paris-4-sorbonne?view=university.paris-4-sorbonne&status=200,2026-04-07
https://www.fr.applyvipconseil.com/fr/universities/paris-4-sorbonne?view=university.paris-4-sorbonne&status=200,2026-04-07
https://www.en.applyvipconseil.com/en/cities?view=pages.cities.index&status=200,2026-04-07
https://www.en.applyvipconseil.com/fr/universities/cote-d-azure?view=university.cote-d-azure&status=200,2026-04-05
https://www.en.applyvipconseil.com/fa/universities/cote-d-azure?view=university.cote-d-azure&status=200,2026-04-02
https://www.en.applyvipconseil.com/fa/cities/nice?view=city.nice&status=200,2026-04-01
https://www.en.applyvipconseil.com/fa/universities?view=pages.universities.index&status=200,2026-03-30
https://www.en.applyvipconseil.com/en/cities/nice?view=city.nice&status=200,2026-03-14
https://www.en.applyvipconseil.com/fa/cities/toulouse?view=city.toulouse&status=200,2026-03-01
https://www.en.applyvipconseil.com/fr/cities/nice?view=city.nice&status=200,2026-03-01